record_id,period,month,year,sku_id,product_name,abc_class,units_sold,units_returned,net_units,channel,revenue_inr
DEM-2022-09-0001,2022-09,Sep,2022,SC-001,Sheet Cutlery,A,1789,21,1768,Dealer,795600
DEM-2022-09-0002,2022-09,Sep,2022,TBW-001,Thali Basket Wire,A,1438,19,1419,Dealer,454080
DEM-2022-09-0003,2022-09,Sep,2022,PBW-001,Plate Basket Wire,A,1375,20,1355,Dealer,379400
DEM-2022-09-0004,2022-09,Sep,2022,BPO-001,Bottle Pull Out,A,1353,21,1332,Direct,239760
DEM-2022-09-0005,2022-09,Sep,2022,TBP-001,Thali Basket Pipe,A,1012,12,1000,Dealer,380000
DEM-2022-09-0006,2022-09,Sep,2022,PBP-001,Plate Basket Pipe,A,790,6,784,Dealer,266560
DEM-2022-09-0007,2022-09,Sep,2022,PNT-001,Pantry,B,450,5,445,Dealer,979000
DEM-2022-09-0008,2022-09,Sep,2022,CS-001,Cup & Saucer,B,498,2,496,Dealer,47120
DEM-2022-09-0009,2022-09,Sep,2022,GTP-001,GTPT,B,316,2,314,Export,131880
DEM-2022-09-0010,2022-09,Sep,2022,HNG-001,Hinges,B,539,4,535,Dealer,24075
DEM-2022-09-0011,2022-09,Sep,2022,CRO-001,Crousal,B,252,0,252,Dealer,141120
DEM-2022-09-0012,2022-09,Sep,2022,TNB-001,Tandum Basket,B,250,0,250,Export,170000
DEM-2022-09-0013,2022-09,Sep,2022,RSH-001,Rolling Shutter,C,158,1,157,Direct,282600
DEM-2022-09-0014,2022-09,Sep,2022,AAT-001,Aata Basket,C,298,4,294,Direct,64680
DEM-2022-09-0015,2022-09,Sep,2022,CHM-001,Chimney,C,78,0,78,Export,273000
DEM-2022-09-0016,2022-09,Sep,2022,MGC-001,Magic Corner,C,76,1,75,Direct,315000
DEM-2022-10-0017,2022-10,Oct,2022,SC-001,Sheet Cutlery,A,2164,19,2145,Dealer,965250
DEM-2022-10-0018,2022-10,Oct,2022,TBW-001,Thali Basket Wire,A,1953,9,1944,Direct,622080
DEM-2022-10-0019,2022-10,Oct,2022,PBW-001,Plate Basket Wire,A,1312,4,1308,Dealer,366240
DEM-2022-10-0020,2022-10,Oct,2022,BPO-001,Bottle Pull Out,A,1242,6,1236,Direct,222480
DEM-2022-10-0021,2022-10,Oct,2022,TBP-001,Thali Basket Pipe,A,1347,11,1336,Export,507680
DEM-2022-10-0022,2022-10,Oct,2022,PBP-001,Plate Basket Pipe,A,1255,13,1242,Export,422280
DEM-2022-10-0023,2022-10,Oct,2022,PNT-001,Pantry,B,561,1,560,Dealer,1232000
DEM-2022-10-0024,2022-10,Oct,2022,CS-001,Cup & Saucer,B,605,6,599,Dealer,56905
DEM-2022-10-0025,2022-10,Oct,2022,GTP-001,GTPT,B,467,3,464,Dealer,194880
DEM-2022-10-0026,2022-10,Oct,2022,HNG-001,Hinges,B,693,6,687,Dealer,30915
DEM-2022-10-0027,2022-10,Oct,2022,CRO-001,Crousal,B,387,5,382,Export,213920
DEM-2022-10-0028,2022-10,Oct,2022,TNB-001,Tandum Basket,B,353,5,348,Dealer,236640
DEM-2022-10-0029,2022-10,Oct,2022,RSH-001,Rolling Shutter,C,186,1,185,Dealer,333000
DEM-2022-10-0030,2022-10,Oct,2022,AAT-001,Aata Basket,C,321,4,317,Export,69740
DEM-2022-10-0031,2022-10,Oct,2022,CHM-001,Chimney,C,123,2,121,Dealer,423500
DEM-2022-10-0032,2022-10,Oct,2022,MGC-001,Magic Corner,C,91,0,91,Dealer,382200
DEM-2022-11-0033,2022-11,Nov,2022,SC-001,Sheet Cutlery,A,2267,36,2231,Dealer,1003950
DEM-2022-11-0034,2022-11,Nov,2022,TBW-001,Thali Basket Wire,A,1557,10,1547,Export,495040
DEM-2022-11-0035,2022-11,Nov,2022,PBW-001,Plate Basket Wire,A,1852,7,1845,Direct,516600
DEM-2022-11-0036,2022-11,Nov,2022,BPO-001,Bottle Pull Out,A,1640,28,1612,Export,290160
DEM-2022-11-0037,2022-11,Nov,2022,TBP-001,Thali Basket Pipe,A,1479,7,1472,Direct,559360
DEM-2022-11-0038,2022-11,Nov,2022,PBP-001,Plate Basket Pipe,A,1282,7,1275,Export,433500
DEM-2022-11-0039,2022-11,Nov,2022,PNT-001,Pantry,B,584,5,579,Dealer,1273800
DEM-2022-11-0040,2022-11,Nov,2022,CS-001,Cup & Saucer,B,680,9,671,Dealer,63745
DEM-2022-11-0041,2022-11,Nov,2022,GTP-001,GTPT,B,475,4,471,Dealer,197820
DEM-2022-11-0042,2022-11,Nov,2022,HNG-001,Hinges,B,719,7,712,Dealer,32040
DEM-2022-11-0043,2022-11,Nov,2022,CRO-001,Crousal,B,312,1,311,Dealer,174160
DEM-2022-11-0044,2022-11,Nov,2022,TNB-001,Tandum Basket,B,329,2,327,Dealer,222360
DEM-2022-11-0045,2022-11,Nov,2022,RSH-001,Rolling Shutter,C,141,1,140,Dealer,252000
DEM-2022-11-0046,2022-11,Nov,2022,AAT-001,Aata Basket,C,343,5,338,Dealer,74360
DEM-2022-11-0047,2022-11,Nov,2022,CHM-001,Chimney,C,93,0,93,Direct,325500
DEM-2022-11-0048,2022-11,Nov,2022,MGC-001,Magic Corner,C,82,0,82,Export,344400
DEM-2022-12-0049,2022-12,Dec,2022,SC-001,Sheet Cutlery,A,1791,11,1780,Direct,801000
DEM-2022-12-0050,2022-12,Dec,2022,TBW-001,Thali Basket Wire,A,1694,9,1685,Dealer,539200
DEM-2022-12-0051,2022-12,Dec,2022,PBW-001,Plate Basket Wire,A,1497,12,1485,Direct,415800
DEM-2022-12-0052,2022-12,Dec,2022,BPO-001,Bottle Pull Out,A,1292,18,1274,Dealer,229320
DEM-2022-12-0053,2022-12,Dec,2022,TBP-001,Thali Basket Pipe,A,1009,14,995,Dealer,378100
DEM-2022-12-0054,2022-12,Dec,2022,PBP-001,Plate Basket Pipe,A,892,5,887,Direct,301580
DEM-2022-12-0055,2022-12,Dec,2022,PNT-001,Pantry,B,398,2,396,Direct,871200
DEM-2022-12-0056,2022-12,Dec,2022,CS-001,Cup & Saucer,B,475,8,467,Direct,44365
DEM-2022-12-0057,2022-12,Dec,2022,GTP-001,GTPT,B,435,6,429,Dealer,180180
DEM-2022-12-0058,2022-12,Dec,2022,HNG-001,Hinges,B,548,9,539,Dealer,24255
DEM-2022-12-0059,2022-12,Dec,2022,CRO-001,Crousal,B,356,6,350,Dealer,196000
DEM-2022-12-0060,2022-12,Dec,2022,TNB-001,Tandum Basket,B,249,2,247,Dealer,167960
DEM-2022-12-0061,2022-12,Dec,2022,RSH-001,Rolling Shutter,C,172,2,170,Dealer,306000
DEM-2022-12-0062,2022-12,Dec,2022,AAT-001,Aata Basket,C,323,5,318,Dealer,69960
DEM-2022-12-0063,2022-12,Dec,2022,CHM-001,Chimney,C,113,1,112,Dealer,392000
DEM-2022-12-0064,2022-12,Dec,2022,MGC-001,Magic Corner,C,79,1,78,Export,327600
DEM-2023-01-0065,2023-01,Jan,2023,SC-001,Sheet Cutlery,A,1405,14,1391,Dealer,625950
DEM-2023-01-0066,2023-01,Jan,2023,TBW-001,Thali Basket Wire,A,1076,18,1058,Export,338560
DEM-2023-01-0067,2023-01,Jan,2023,PBW-001,Plate Basket Wire,A,1170,4,1166,Dealer,326480
DEM-2023-01-0068,2023-01,Jan,2023,BPO-001,Bottle Pull Out,A,837,9,828,Export,149040
DEM-2023-01-0069,2023-01,Jan,2023,TBP-001,Thali Basket Pipe,A,1050,11,1039,Dealer,394820
DEM-2023-01-0070,2023-01,Jan,2023,PBP-001,Plate Basket Pipe,A,870,3,867,Dealer,294780
DEM-2023-01-0071,2023-01,Jan,2023,PNT-001,Pantry,B,294,1,293,Dealer,644600
DEM-2023-01-0072,2023-01,Jan,2023,CS-001,Cup & Saucer,B,384,6,378,Export,35910
DEM-2023-01-0073,2023-01,Jan,2023,GTP-001,GTPT,B,271,3,268,Export,112560
DEM-2023-01-0074,2023-01,Jan,2023,HNG-001,Hinges,B,422,5,417,Export,18765
DEM-2023-01-0075,2023-01,Jan,2023,CRO-001,Crousal,B,234,3,231,Dealer,129360
DEM-2023-01-0076,2023-01,Jan,2023,TNB-001,Tandum Basket,B,228,1,227,Dealer,154360
DEM-2023-01-0077,2023-01,Jan,2023,RSH-001,Rolling Shutter,C,111,1,110,Dealer,198000
DEM-2023-01-0078,2023-01,Jan,2023,AAT-001,Aata Basket,C,253,4,249,Dealer,54780
DEM-2023-01-0079,2023-01,Jan,2023,CHM-001,Chimney,C,61,0,61,Export,213500
DEM-2023-01-0080,2023-01,Jan,2023,MGC-001,Magic Corner,C,73,0,73,Dealer,306600
DEM-2023-02-0081,2023-02,Feb,2023,SC-001,Sheet Cutlery,A,1383,6,1377,Dealer,619650
DEM-2023-02-0082,2023-02,Feb,2023,TBW-001,Thali Basket Wire,A,1373,22,1351,Dealer,432320
DEM-2023-02-0083,2023-02,Feb,2023,PBW-001,Plate Basket Wire,A,1034,9,1025,Export,287000
DEM-2023-02-0084,2023-02,Feb,2023,BPO-001,Bottle Pull Out,A,1111,13,1098,Export,197640
DEM-2023-02-0085,2023-02,Feb,2023,TBP-001,Thali Basket Pipe,A,780,11,769,Dealer,292220
DEM-2023-02-0086,2023-02,Feb,2023,PBP-001,Plate Basket Pipe,A,897,4,893,Dealer,303620
DEM-2023-02-0087,2023-02,Feb,2023,PNT-001,Pantry,B,331,5,326,Export,717200
DEM-2023-02-0088,2023-02,Feb,2023,CS-001,Cup & Saucer,B,362,2,360,Dealer,34200
DEM-2023-02-0089,2023-02,Feb,2023,GTP-001,GTPT,B,334,2,332,Dealer,139440
DEM-2023-02-0090,2023-02,Feb,2023,HNG-001,Hinges,B,518,3,515,Dealer,23175
DEM-2023-02-0091,2023-02,Feb,2023,CRO-001,Crousal,B,206,1,205,Dealer,114800
DEM-2023-02-0092,2023-02,Feb,2023,TNB-001,Tandum Basket,B,187,1,186,Dealer,126480
DEM-2023-02-0093,2023-02,Feb,2023,RSH-001,Rolling Shutter,C,126,0,126,Direct,226800
DEM-2023-02-0094,2023-02,Feb,2023,AAT-001,Aata Basket,C,272,2,270,Dealer,59400
DEM-2023-02-0095,2023-02,Feb,2023,CHM-001,Chimney,C,66,1,65,Dealer,227500
DEM-2023-02-0096,2023-02,Feb,2023,MGC-001,Magic Corner,C,65,1,64,Export,268800
DEM-2023-03-0097,2023-03,Mar,2023,SC-001,Sheet Cutlery,A,1576,14,1562,Dealer,702900
DEM-2023-03-0098,2023-03,Mar,2023,TBW-001,Thali Basket Wire,A,1260,20,1240,Dealer,396800
DEM-2023-03-0099,2023-03,Mar,2023,PBW-001,Plate Basket Wire,A,1437,8,1429,Dealer,400120
DEM-2023-03-0100,2023-03,Mar,2023,BPO-001,Bottle Pull Out,A,1230,10,1220,Export,219600
DEM-2023-03-0101,2023-03,Mar,2023,TBP-001,Thali Basket Pipe,A,1210,11,1199,Export,455620
DEM-2023-03-0102,2023-03,Mar,2023,PBP-001,Plate Basket Pipe,A,948,16,932,Dealer,316880
DEM-2023-03-0103,2023-03,Mar,2023,PNT-001,Pantry,B,459,8,451,Dealer,992200
DEM-2023-03-0104,2023-03,Mar,2023,CS-001,Cup & Saucer,B,527,1,526,Dealer,49970
DEM-2023-03-0105,2023-03,Mar,2023,GTP-001,GTPT,B,383,3,380,Dealer,159600
DEM-2023-03-0106,2023-03,Mar,2023,HNG-001,Hinges,B,531,7,524,Dealer,23580
DEM-2023-03-0107,2023-03,Mar,2023,CRO-001,Crousal,B,259,0,259,Direct,145040
DEM-2023-03-0108,2023-03,Mar,2023,TNB-001,Tandum Basket,B,226,3,223,Direct,151640
DEM-2023-03-0109,2023-03,Mar,2023,RSH-001,Rolling Shutter,C,128,1,127,Dealer,228600
DEM-2023-03-0110,2023-03,Mar,2023,AAT-001,Aata Basket,C,269,3,266,Direct,58520
DEM-2023-03-0111,2023-03,Mar,2023,CHM-001,Chimney,C,81,1,80,Dealer,280000
DEM-2023-03-0112,2023-03,Mar,2023,MGC-001,Magic Corner,C,68,0,68,Export,285600
DEM-2023-04-0113,2023-04,Apr,2023,SC-001,Sheet Cutlery,A,1687,5,1682,Dealer,756900
DEM-2023-04-0114,2023-04,Apr,2023,TBW-001,Thali Basket Wire,A,1390,24,1366,Dealer,437120
DEM-2023-04-0115,2023-04,Apr,2023,PBW-001,Plate Basket Wire,A,1217,14,1203,Dealer,336840
DEM-2023-04-0116,2023-04,Apr,2023,BPO-001,Bottle Pull Out,A,1458,11,1447,Export,260460
DEM-2023-04-0117,2023-04,Apr,2023,TBP-001,Thali Basket Pipe,A,1450,6,1444,Export,548720
DEM-2023-04-0118,2023-04,Apr,2023,PBP-001,Plate Basket Pipe,A,898,3,895,Direct,304300
DEM-2023-04-0119,2023-04,Apr,2023,PNT-001,Pantry,B,387,6,381,Export,838200
DEM-2023-04-0120,2023-04,Apr,2023,CS-001,Cup & Saucer,B,575,9,566,Dealer,53770
DEM-2023-04-0121,2023-04,Apr,2023,GTP-001,GTPT,B,384,1,383,Dealer,160860
DEM-2023-04-0122,2023-04,Apr,2023,HNG-001,Hinges,B,703,9,694,Dealer,31230
DEM-2023-04-0123,2023-04,Apr,2023,CRO-001,Crousal,B,339,2,337,Dealer,188720
DEM-2023-04-0124,2023-04,Apr,2023,TNB-001,Tandum Basket,B,309,2,307,Dealer,208760
DEM-2023-04-0125,2023-04,Apr,2023,RSH-001,Rolling Shutter,C,160,0,160,Direct,288000
DEM-2023-04-0126,2023-04,Apr,2023,AAT-001,Aata Basket,C,370,6,364,Export,80080
DEM-2023-04-0127,2023-04,Apr,2023,CHM-001,Chimney,C,103,0,103,Dealer,360500
DEM-2023-04-0128,2023-04,Apr,2023,MGC-001,Magic Corner,C,78,0,78,Export,327600
DEM-2023-05-0129,2023-05,May,2023,SC-001,Sheet Cutlery,A,1786,13,1773,Direct,797850
DEM-2023-05-0130,2023-05,May,2023,TBW-001,Thali Basket Wire,A,1473,9,1464,Direct,468480
DEM-2023-05-0131,2023-05,May,2023,PBW-001,Plate Basket Wire,A,1545,26,1519,Dealer,425320
DEM-2023-05-0132,2023-05,May,2023,BPO-001,Bottle Pull Out,A,1364,9,1355,Export,243900
DEM-2023-05-0133,2023-05,May,2023,TBP-001,Thali Basket Pipe,A,1112,16,1096,Dealer,416480
DEM-2023-05-0134,2023-05,May,2023,PBP-001,Plate Basket Pipe,A,1027,6,1021,Dealer,347140
DEM-2023-05-0135,2023-05,May,2023,PNT-001,Pantry,B,394,1,393,Direct,864600
DEM-2023-05-0136,2023-05,May,2023,CS-001,Cup & Saucer,B,536,7,529,Direct,50255
DEM-2023-05-0137,2023-05,May,2023,GTP-001,GTPT,B,375,4,371,Dealer,155820
DEM-2023-05-0138,2023-05,May,2023,HNG-001,Hinges,B,695,6,689,Direct,31005
DEM-2023-05-0139,2023-05,May,2023,CRO-001,Crousal,B,273,3,270,Dealer,151200
DEM-2023-05-0140,2023-05,May,2023,TNB-001,Tandum Basket,B,319,5,314,Dealer,213520
DEM-2023-05-0141,2023-05,May,2023,RSH-001,Rolling Shutter,C,165,1,164,Export,295200
DEM-2023-05-0142,2023-05,May,2023,AAT-001,Aata Basket,C,329,3,326,Dealer,71720
DEM-2023-05-0143,2023-05,May,2023,CHM-001,Chimney,C,95,1,94,Export,329000
DEM-2023-05-0144,2023-05,May,2023,MGC-001,Magic Corner,C,94,1,93,Direct,390600
DEM-2023-06-0145,2023-06,Jun,2023,SC-001,Sheet Cutlery,A,1538,21,1517,Export,682650
DEM-2023-06-0146,2023-06,Jun,2023,TBW-001,Thali Basket Wire,A,1259,20,1239,Direct,396480
DEM-2023-06-0147,2023-06,Jun,2023,PBW-001,Plate Basket Wire,A,1373,19,1354,Direct,379120
DEM-2023-06-0148,2023-06,Jun,2023,BPO-001,Bottle Pull Out,A,1089,15,1074,Dealer,193320
DEM-2023-06-0149,2023-06,Jun,2023,TBP-001,Thali Basket Pipe,A,1114,12,1102,Dealer,418760
DEM-2023-06-0150,2023-06,Jun,2023,PBP-001,Plate Basket Pipe,A,764,3,761,Dealer,258740
DEM-2023-06-0151,2023-06,Jun,2023,PNT-001,Pantry,B,351,2,349,Export,767800
DEM-2023-06-0152,2023-06,Jun,2023,CS-001,Cup & Saucer,B,376,1,375,Direct,35625
DEM-2023-06-0153,2023-06,Jun,2023,GTP-001,GTPT,B,355,4,351,Dealer,147420
DEM-2023-06-0154,2023-06,Jun,2023,HNG-001,Hinges,B,537,4,533,Direct,23985
DEM-2023-06-0155,2023-06,Jun,2023,CRO-001,Crousal,B,250,1,249,Direct,139440
DEM-2023-06-0156,2023-06,Jun,2023,TNB-001,Tandum Basket,B,230,3,227,Dealer,154360
DEM-2023-06-0157,2023-06,Jun,2023,RSH-001,Rolling Shutter,C,146,2,144,Direct,259200
DEM-2023-06-0158,2023-06,Jun,2023,AAT-001,Aata Basket,C,284,4,280,Dealer,61600
DEM-2023-06-0159,2023-06,Jun,2023,CHM-001,Chimney,C,90,1,89,Direct,311500
DEM-2023-06-0160,2023-06,Jun,2023,MGC-001,Magic Corner,C,70,0,70,Export,294000
DEM-2023-07-0161,2023-07,Jul,2023,SC-001,Sheet Cutlery,A,1657,17,1640,Dealer,738000
DEM-2023-07-0162,2023-07,Jul,2023,TBW-001,Thali Basket Wire,A,1239,4,1235,Dealer,395200
DEM-2023-07-0163,2023-07,Jul,2023,PBW-001,Plate Basket Wire,A,1249,18,1231,Dealer,344680
DEM-2023-07-0164,2023-07,Jul,2023,BPO-001,Bottle Pull Out,A,1221,20,1201,Export,216180
DEM-2023-07-0165,2023-07,Jul,2023,TBP-001,Thali Basket Pipe,A,1009,16,993,Export,377340
DEM-2023-07-0166,2023-07,Jul,2023,PBP-001,Plate Basket Pipe,A,834,2,832,Direct,282880
DEM-2023-07-0167,2023-07,Jul,2023,PNT-001,Pantry,B,330,3,327,Dealer,719400
DEM-2023-07-0168,2023-07,Jul,2023,CS-001,Cup & Saucer,B,397,3,394,Direct,37430
DEM-2023-07-0169,2023-07,Jul,2023,GTP-001,GTPT,B,305,4,301,Direct,126420
DEM-2023-07-0170,2023-07,Jul,2023,HNG-001,Hinges,B,500,8,492,Direct,22140
DEM-2023-07-0171,2023-07,Jul,2023,CRO-001,Crousal,B,231,0,231,Dealer,129360
DEM-2023-07-0172,2023-07,Jul,2023,TNB-001,Tandum Basket,B,256,0,256,Dealer,174080
DEM-2023-07-0173,2023-07,Jul,2023,RSH-001,Rolling Shutter,C,114,0,114,Dealer,205200
DEM-2023-07-0174,2023-07,Jul,2023,AAT-001,Aata Basket,C,306,5,301,Dealer,66220
DEM-2023-07-0175,2023-07,Jul,2023,CHM-001,Chimney,C,91,1,90,Dealer,315000
DEM-2023-07-0176,2023-07,Jul,2023,MGC-001,Magic Corner,C,58,0,58,Export,243600
DEM-2023-08-0177,2023-08,Aug,2023,SC-001,Sheet Cutlery,A,1765,17,1748,Dealer,786600
DEM-2023-08-0178,2023-08,Aug,2023,TBW-001,Thali Basket Wire,A,1458,8,1450,Export,464000
DEM-2023-08-0179,2023-08,Aug,2023,PBW-001,Plate Basket Wire,A,1441,19,1422,Dealer,398160
DEM-2023-08-0180,2023-08,Aug,2023,BPO-001,Bottle Pull Out,A,1331,6,1325,Dealer,238500
DEM-2023-08-0181,2023-08,Aug,2023,TBP-001,Thali Basket Pipe,A,1206,14,1192,Direct,452960
DEM-2023-08-0182,2023-08,Aug,2023,PBP-001,Plate Basket Pipe,A,823,11,812,Dealer,276080
DEM-2023-08-0183,2023-08,Aug,2023,PNT-001,Pantry,B,412,6,406,Dealer,893200
DEM-2023-08-0184,2023-08,Aug,2023,CS-001,Cup & Saucer,B,390,5,385,Export,36575
DEM-2023-08-0185,2023-08,Aug,2023,GTP-001,GTPT,B,379,5,374,Export,157080
DEM-2023-08-0186,2023-08,Aug,2023,HNG-001,Hinges,B,628,5,623,Direct,28035
DEM-2023-08-0187,2023-08,Aug,2023,CRO-001,Crousal,B,281,1,280,Dealer,156800
DEM-2023-08-0188,2023-08,Aug,2023,TNB-001,Tandum Basket,B,203,1,202,Direct,137360
DEM-2023-08-0189,2023-08,Aug,2023,RSH-001,Rolling Shutter,C,114,1,113,Direct,203400
DEM-2023-08-0190,2023-08,Aug,2023,AAT-001,Aata Basket,C,316,3,313,Export,68860
DEM-2023-08-0191,2023-08,Aug,2023,CHM-001,Chimney,C,99,0,99,Export,346500
DEM-2023-08-0192,2023-08,Aug,2023,MGC-001,Magic Corner,C,78,0,78,Export,327600
DEM-2023-09-0193,2023-09,Sep,2023,SC-001,Sheet Cutlery,A,1519,23,1496,Dealer,673200
DEM-2023-09-0194,2023-09,Sep,2023,TBW-001,Thali Basket Wire,A,1334,13,1321,Direct,422720
DEM-2023-09-0195,2023-09,Sep,2023,PBW-001,Plate Basket Wire,A,1380,17,1363,Dealer,381640
DEM-2023-09-0196,2023-09,Sep,2023,BPO-001,Bottle Pull Out,A,1032,16,1016,Dealer,182880
DEM-2023-09-0197,2023-09,Sep,2023,TBP-001,Thali Basket Pipe,A,1134,9,1125,Dealer,427500
DEM-2023-09-0198,2023-09,Sep,2023,PBP-001,Plate Basket Pipe,A,878,14,864,Dealer,293760
DEM-2023-09-0199,2023-09,Sep,2023,PNT-001,Pantry,B,443,4,439,Dealer,965800
DEM-2023-09-0200,2023-09,Sep,2023,CS-001,Cup & Saucer,B,423,5,418,Direct,39710
DEM-2023-09-0201,2023-09,Sep,2023,GTP-001,GTPT,B,380,2,378,Direct,158760
DEM-2023-09-0202,2023-09,Sep,2023,HNG-001,Hinges,B,654,6,648,Dealer,29160
DEM-2023-09-0203,2023-09,Sep,2023,CRO-001,Crousal,B,247,1,246,Dealer,137760
DEM-2023-09-0204,2023-09,Sep,2023,TNB-001,Tandum Basket,B,250,2,248,Direct,168640
DEM-2023-09-0205,2023-09,Sep,2023,RSH-001,Rolling Shutter,C,147,1,146,Export,262800
DEM-2023-09-0206,2023-09,Sep,2023,AAT-001,Aata Basket,C,301,4,297,Dealer,65340
DEM-2023-09-0207,2023-09,Sep,2023,CHM-001,Chimney,C,86,0,86,Dealer,301000
DEM-2023-09-0208,2023-09,Sep,2023,MGC-001,Magic Corner,C,72,1,71,Dealer,298200
DEM-2023-10-0209,2023-10,Oct,2023,SC-001,Sheet Cutlery,A,1743,24,1719,Dealer,773550
DEM-2023-10-0210,2023-10,Oct,2023,TBW-001,Thali Basket Wire,A,1855,32,1823,Export,583360
DEM-2023-10-0211,2023-10,Oct,2023,PBW-001,Plate Basket Wire,A,1649,29,1620,Dealer,453600
DEM-2023-10-0212,2023-10,Oct,2023,BPO-001,Bottle Pull Out,A,1363,11,1352,Dealer,243360
DEM-2023-10-0213,2023-10,Oct,2023,TBP-001,Thali Basket Pipe,A,1112,12,1100,Dealer,418000
DEM-2023-10-0214,2023-10,Oct,2023,PBP-001,Plate Basket Pipe,A,922,3,919,Dealer,312460
DEM-2023-10-0215,2023-10,Oct,2023,PNT-001,Pantry,B,551,2,549,Direct,1207800
DEM-2023-10-0216,2023-10,Oct,2023,CS-001,Cup & Saucer,B,504,1,503,Dealer,47785
DEM-2023-10-0217,2023-10,Oct,2023,GTP-001,GTPT,B,436,4,432,Dealer,181440
DEM-2023-10-0218,2023-10,Oct,2023,HNG-001,Hinges,B,858,5,853,Direct,38385
DEM-2023-10-0219,2023-10,Oct,2023,CRO-001,Crousal,B,295,1,294,Direct,164640
DEM-2023-10-0220,2023-10,Oct,2023,TNB-001,Tandum Basket,B,269,3,266,Dealer,180880
DEM-2023-10-0221,2023-10,Oct,2023,RSH-001,Rolling Shutter,C,150,2,148,Dealer,266400
DEM-2023-10-0222,2023-10,Oct,2023,AAT-001,Aata Basket,C,323,2,321,Export,70620
DEM-2023-10-0223,2023-10,Oct,2023,CHM-001,Chimney,C,120,1,119,Export,416500
DEM-2023-10-0224,2023-10,Oct,2023,MGC-001,Magic Corner,C,82,0,82,Direct,344400
DEM-2023-11-0225,2023-11,Nov,2023,SC-001,Sheet Cutlery,A,2333,17,2316,Export,1042200
DEM-2023-11-0226,2023-11,Nov,2023,TBW-001,Thali Basket Wire,A,2093,15,2078,Export,664960
DEM-2023-11-0227,2023-11,Nov,2023,PBW-001,Plate Basket Wire,A,1390,24,1366,Dealer,382480
DEM-2023-11-0228,2023-11,Nov,2023,BPO-001,Bottle Pull Out,A,1771,10,1761,Dealer,316980
DEM-2023-11-0229,2023-11,Nov,2023,TBP-001,Thali Basket Pipe,A,1279,5,1274,Dealer,484120
DEM-2023-11-0230,2023-11,Nov,2023,PBP-001,Plate Basket Pipe,A,1009,4,1005,Dealer,341700
DEM-2023-11-0231,2023-11,Nov,2023,PNT-001,Pantry,B,516,6,510,Direct,1122000
DEM-2023-11-0232,2023-11,Nov,2023,CS-001,Cup & Saucer,B,564,3,561,Dealer,53295
DEM-2023-11-0233,2023-11,Nov,2023,GTP-001,GTPT,B,491,4,487,Dealer,204540
DEM-2023-11-0234,2023-11,Nov,2023,HNG-001,Hinges,B,879,13,866,Export,38970
DEM-2023-11-0235,2023-11,Nov,2023,CRO-001,Crousal,B,376,6,370,Direct,207200
DEM-2023-11-0236,2023-11,Nov,2023,TNB-001,Tandum Basket,B,284,1,283,Dealer,192440
DEM-2023-11-0237,2023-11,Nov,2023,RSH-001,Rolling Shutter,C,204,3,201,Dealer,361800
DEM-2023-11-0238,2023-11,Nov,2023,AAT-001,Aata Basket,C,331,4,327,Export,71940
DEM-2023-11-0239,2023-11,Nov,2023,CHM-001,Chimney,C,124,1,123,Dealer,430500
DEM-2023-11-0240,2023-11,Nov,2023,MGC-001,Magic Corner,C,93,0,93,Dealer,390600
DEM-2023-12-0241,2023-12,Dec,2023,SC-001,Sheet Cutlery,A,1935,33,1902,Export,855900
DEM-2023-12-0242,2023-12,Dec,2023,TBW-001,Thali Basket Wire,A,1602,15,1587,Export,507840
DEM-2023-12-0243,2023-12,Dec,2023,PBW-001,Plate Basket Wire,A,1224,11,1213,Dealer,339640
DEM-2023-12-0244,2023-12,Dec,2023,BPO-001,Bottle Pull Out,A,1404,4,1400,Dealer,252000
DEM-2023-12-0245,2023-12,Dec,2023,TBP-001,Thali Basket Pipe,A,1447,22,1425,Export,541500
DEM-2023-12-0246,2023-12,Dec,2023,PBP-001,Plate Basket Pipe,A,1047,3,1044,Dealer,354960
DEM-2023-12-0247,2023-12,Dec,2023,PNT-001,Pantry,B,487,7,480,Dealer,1056000
DEM-2023-12-0248,2023-12,Dec,2023,CS-001,Cup & Saucer,B,535,6,529,Dealer,50255
DEM-2023-12-0249,2023-12,Dec,2023,GTP-001,GTPT,B,359,4,355,Direct,149100
DEM-2023-12-0250,2023-12,Dec,2023,HNG-001,Hinges,B,791,7,784,Direct,35280
DEM-2023-12-0251,2023-12,Dec,2023,CRO-001,Crousal,B,297,3,294,Dealer,164640
DEM-2023-12-0252,2023-12,Dec,2023,TNB-001,Tandum Basket,B,275,3,272,Dealer,184960
DEM-2023-12-0253,2023-12,Dec,2023,RSH-001,Rolling Shutter,C,167,1,166,Export,298800
DEM-2023-12-0254,2023-12,Dec,2023,AAT-001,Aata Basket,C,291,1,290,Dealer,63800
DEM-2023-12-0255,2023-12,Dec,2023,CHM-001,Chimney,C,95,1,94,Direct,329000
DEM-2023-12-0256,2023-12,Dec,2023,MGC-001,Magic Corner,C,95,1,94,Dealer,394800
DEM-2024-01-0257,2024-01,Jan,2024,SC-001,Sheet Cutlery,A,1453,16,1437,Direct,646650
DEM-2024-01-0258,2024-01,Jan,2024,TBW-001,Thali Basket Wire,A,1010,10,1000,Export,320000
DEM-2024-01-0259,2024-01,Jan,2024,PBW-001,Plate Basket Wire,A,1220,15,1205,Dealer,337400
DEM-2024-01-0260,2024-01,Jan,2024,BPO-001,Bottle Pull Out,A,921,10,911,Dealer,163980
DEM-2024-01-0261,2024-01,Jan,2024,TBP-001,Thali Basket Pipe,A,924,12,912,Dealer,346560
DEM-2024-01-0262,2024-01,Jan,2024,PBP-001,Plate Basket Pipe,A,642,7,635,Dealer,215900
DEM-2024-01-0263,2024-01,Jan,2024,PNT-001,Pantry,B,388,2,386,Dealer,849200
DEM-2024-01-0264,2024-01,Jan,2024,CS-001,Cup & Saucer,B,420,1,419,Dealer,39805
DEM-2024-01-0265,2024-01,Jan,2024,GTP-001,GTPT,B,305,1,304,Dealer,127680
DEM-2024-01-0266,2024-01,Jan,2024,HNG-001,Hinges,B,515,7,508,Export,22860
DEM-2024-01-0267,2024-01,Jan,2024,CRO-001,Crousal,B,258,2,256,Direct,143360
DEM-2024-01-0268,2024-01,Jan,2024,TNB-001,Tandum Basket,B,262,1,261,Export,177480
DEM-2024-01-0269,2024-01,Jan,2024,RSH-001,Rolling Shutter,C,104,0,104,Export,187200
DEM-2024-01-0270,2024-01,Jan,2024,AAT-001,Aata Basket,C,267,4,263,Dealer,57860
DEM-2024-01-0271,2024-01,Jan,2024,CHM-001,Chimney,C,71,1,70,Direct,245000
DEM-2024-01-0272,2024-01,Jan,2024,MGC-001,Magic Corner,C,60,0,60,Dealer,252000
DEM-2024-02-0273,2024-02,Feb,2024,SC-001,Sheet Cutlery,A,1594,11,1583,Dealer,712350
DEM-2024-02-0274,2024-02,Feb,2024,TBW-001,Thali Basket Wire,A,1402,16,1386,Direct,443520
DEM-2024-02-0275,2024-02,Feb,2024,PBW-001,Plate Basket Wire,A,1314,12,1302,Direct,364560
DEM-2024-02-0276,2024-02,Feb,2024,BPO-001,Bottle Pull Out,A,1012,11,1001,Export,180180
DEM-2024-02-0277,2024-02,Feb,2024,TBP-001,Thali Basket Pipe,A,939,15,924,Dealer,351120
DEM-2024-02-0278,2024-02,Feb,2024,PBP-001,Plate Basket Pipe,A,943,6,937,Direct,318580
DEM-2024-02-0279,2024-02,Feb,2024,PNT-001,Pantry,B,339,4,335,Dealer,737000
DEM-2024-02-0280,2024-02,Feb,2024,CS-001,Cup & Saucer,B,400,4,396,Direct,37620
DEM-2024-02-0281,2024-02,Feb,2024,GTP-001,GTPT,B,308,3,305,Dealer,128100
DEM-2024-02-0282,2024-02,Feb,2024,HNG-001,Hinges,B,535,1,534,Export,24030
DEM-2024-02-0283,2024-02,Feb,2024,CRO-001,Crousal,B,292,2,290,Dealer,162400
DEM-2024-02-0284,2024-02,Feb,2024,TNB-001,Tandum Basket,B,263,2,261,Export,177480
DEM-2024-02-0285,2024-02,Feb,2024,RSH-001,Rolling Shutter,C,143,0,143,Dealer,257400
DEM-2024-02-0286,2024-02,Feb,2024,AAT-001,Aata Basket,C,267,3,264,Dealer,58080
DEM-2024-02-0287,2024-02,Feb,2024,CHM-001,Chimney,C,68,1,67,Dealer,234500
DEM-2024-02-0288,2024-02,Feb,2024,MGC-001,Magic Corner,C,63,0,63,Dealer,264600
DEM-2024-03-0289,2024-03,Mar,2024,SC-001,Sheet Cutlery,A,1804,28,1776,Export,799200
DEM-2024-03-0290,2024-03,Mar,2024,TBW-001,Thali Basket Wire,A,1341,10,1331,Direct,425920
DEM-2024-03-0291,2024-03,Mar,2024,PBW-001,Plate Basket Wire,A,1476,5,1471,Dealer,411880
DEM-2024-03-0292,2024-03,Mar,2024,BPO-001,Bottle Pull Out,A,1086,14,1072,Dealer,192960
DEM-2024-03-0293,2024-03,Mar,2024,TBP-001,Thali Basket Pipe,A,1298,18,1280,Direct,486400
DEM-2024-03-0294,2024-03,Mar,2024,PBP-001,Plate Basket Pipe,A,1056,15,1041,Dealer,353940
DEM-2024-03-0295,2024-03,Mar,2024,PNT-001,Pantry,B,412,5,407,Dealer,895400
DEM-2024-03-0296,2024-03,Mar,2024,CS-001,Cup & Saucer,B,402,6,396,Dealer,37620
DEM-2024-03-0297,2024-03,Mar,2024,GTP-001,GTPT,B,342,3,339,Dealer,142380
DEM-2024-03-0298,2024-03,Mar,2024,HNG-001,Hinges,B,607,6,601,Dealer,27045
DEM-2024-03-0299,2024-03,Mar,2024,CRO-001,Crousal,B,247,1,246,Direct,137760
DEM-2024-03-0300,2024-03,Mar,2024,TNB-001,Tandum Basket,B,271,1,270,Export,183600
DEM-2024-03-0301,2024-03,Mar,2024,RSH-001,Rolling Shutter,C,122,1,121,Dealer,217800
DEM-2024-03-0302,2024-03,Mar,2024,AAT-001,Aata Basket,C,305,3,302,Direct,66440
DEM-2024-03-0303,2024-03,Mar,2024,CHM-001,Chimney,C,103,1,102,Dealer,357000
DEM-2024-03-0304,2024-03,Mar,2024,MGC-001,Magic Corner,C,63,1,62,Export,260400
DEM-2024-04-0305,2024-04,Apr,2024,SC-001,Sheet Cutlery,A,1725,30,1695,Dealer,762750
DEM-2024-04-0306,2024-04,Apr,2024,TBW-001,Thali Basket Wire,A,1602,12,1590,Direct,508800
DEM-2024-04-0307,2024-04,Apr,2024,PBW-001,Plate Basket Wire,A,1703,7,1696,Direct,474880
DEM-2024-04-0308,2024-04,Apr,2024,BPO-001,Bottle Pull Out,A,1431,16,1415,Dealer,254700
DEM-2024-04-0309,2024-04,Apr,2024,TBP-001,Thali Basket Pipe,A,1058,16,1042,Direct,395960
DEM-2024-04-0310,2024-04,Apr,2024,PBP-001,Plate Basket Pipe,A,961,11,950,Dealer,323000
DEM-2024-04-0311,2024-04,Apr,2024,PNT-001,Pantry,B,560,7,553,Dealer,1216600
DEM-2024-04-0312,2024-04,Apr,2024,CS-001,Cup & Saucer,B,613,3,610,Dealer,57950
DEM-2024-04-0313,2024-04,Apr,2024,GTP-001,GTPT,B,376,2,374,Dealer,157080
DEM-2024-04-0314,2024-04,Apr,2024,HNG-001,Hinges,B,742,10,732,Dealer,32940
DEM-2024-04-0315,2024-04,Apr,2024,CRO-001,Crousal,B,340,5,335,Dealer,187600
DEM-2024-04-0316,2024-04,Apr,2024,TNB-001,Tandum Basket,B,281,2,279,Export,189720
DEM-2024-04-0317,2024-04,Apr,2024,RSH-001,Rolling Shutter,C,154,0,154,Dealer,277200
DEM-2024-04-0318,2024-04,Apr,2024,AAT-001,Aata Basket,C,337,3,334,Dealer,73480
DEM-2024-04-0319,2024-04,Apr,2024,CHM-001,Chimney,C,90,0,90,Dealer,315000
DEM-2024-04-0320,2024-04,Apr,2024,MGC-001,Magic Corner,C,88,1,87,Dealer,365400
DEM-2024-05-0321,2024-05,May,2024,SC-001,Sheet Cutlery,A,1624,24,1600,Direct,720000
DEM-2024-05-0322,2024-05,May,2024,TBW-001,Thali Basket Wire,A,1820,13,1807,Dealer,578240
DEM-2024-05-0323,2024-05,May,2024,PBW-001,Plate Basket Wire,A,1605,16,1589,Dealer,444920
DEM-2024-05-0324,2024-05,May,2024,BPO-001,Bottle Pull Out,A,1162,20,1142,Direct,205560
DEM-2024-05-0325,2024-05,May,2024,TBP-001,Thali Basket Pipe,A,1430,21,1409,Dealer,535420
DEM-2024-05-0326,2024-05,May,2024,PBP-001,Plate Basket Pipe,A,853,7,846,Dealer,287640
DEM-2024-05-0327,2024-05,May,2024,PNT-001,Pantry,B,473,4,469,Dealer,1031800
DEM-2024-05-0328,2024-05,May,2024,CS-001,Cup & Saucer,B,550,8,542,Dealer,51490
DEM-2024-05-0329,2024-05,May,2024,GTP-001,GTPT,B,344,2,342,Dealer,143640
DEM-2024-05-0330,2024-05,May,2024,HNG-001,Hinges,B,696,11,685,Dealer,30825
DEM-2024-05-0331,2024-05,May,2024,CRO-001,Crousal,B,358,2,356,Dealer,199360
DEM-2024-05-0332,2024-05,May,2024,TNB-001,Tandum Basket,B,303,3,300,Dealer,204000
DEM-2024-05-0333,2024-05,May,2024,RSH-001,Rolling Shutter,C,164,0,164,Dealer,295200
DEM-2024-05-0334,2024-05,May,2024,AAT-001,Aata Basket,C,400,3,397,Direct,87340
DEM-2024-05-0335,2024-05,May,2024,CHM-001,Chimney,C,86,0,86,Export,301000
DEM-2024-05-0336,2024-05,May,2024,MGC-001,Magic Corner,C,72,0,72,Export,302400
DEM-2024-06-0337,2024-06,Jun,2024,SC-001,Sheet Cutlery,A,1486,21,1465,Dealer,659250
DEM-2024-06-0338,2024-06,Jun,2024,TBW-001,Thali Basket Wire,A,1525,19,1506,Direct,481920
DEM-2024-06-0339,2024-06,Jun,2024,PBW-001,Plate Basket Wire,A,1295,22,1273,Dealer,356440
DEM-2024-06-0340,2024-06,Jun,2024,BPO-001,Bottle Pull Out,A,954,8,946,Direct,170280
DEM-2024-06-0341,2024-06,Jun,2024,TBP-001,Thali Basket Pipe,A,1031,6,1025,Dealer,389500
DEM-2024-06-0342,2024-06,Jun,2024,PBP-001,Plate Basket Pipe,A,736,9,727,Export,247180
DEM-2024-06-0343,2024-06,Jun,2024,PNT-001,Pantry,B,459,5,454,Dealer,998800
DEM-2024-06-0344,2024-06,Jun,2024,CS-001,Cup & Saucer,B,442,2,440,Dealer,41800
DEM-2024-06-0345,2024-06,Jun,2024,GTP-001,GTPT,B,400,6,394,Dealer,165480
DEM-2024-06-0346,2024-06,Jun,2024,HNG-001,Hinges,B,607,7,600,Export,27000
DEM-2024-06-0347,2024-06,Jun,2024,CRO-001,Crousal,B,313,1,312,Dealer,174720
DEM-2024-06-0348,2024-06,Jun,2024,TNB-001,Tandum Basket,B,225,1,224,Export,152320
DEM-2024-06-0349,2024-06,Jun,2024,RSH-001,Rolling Shutter,C,119,1,118,Export,212400
DEM-2024-06-0350,2024-06,Jun,2024,AAT-001,Aata Basket,C,265,1,264,Dealer,58080
DEM-2024-06-0351,2024-06,Jun,2024,CHM-001,Chimney,C,80,0,80,Export,280000
DEM-2024-06-0352,2024-06,Jun,2024,MGC-001,Magic Corner,C,58,0,58,Dealer,243600
DEM-2024-07-0353,2024-07,Jul,2024,SC-001,Sheet Cutlery,A,1764,19,1745,Dealer,785250
DEM-2024-07-0354,2024-07,Jul,2024,TBW-001,Thali Basket Wire,A,1128,18,1110,Dealer,355200
DEM-2024-07-0355,2024-07,Jul,2024,PBW-001,Plate Basket Wire,A,1006,14,992,Dealer,277760
DEM-2024-07-0356,2024-07,Jul,2024,BPO-001,Bottle Pull Out,A,1161,3,1158,Dealer,208440
DEM-2024-07-0357,2024-07,Jul,2024,TBP-001,Thali Basket Pipe,A,865,12,853,Export,324140
DEM-2024-07-0358,2024-07,Jul,2024,PBP-001,Plate Basket Pipe,A,726,2,724,Direct,246160
DEM-2024-07-0359,2024-07,Jul,2024,PNT-001,Pantry,B,433,4,429,Dealer,943800
DEM-2024-07-0360,2024-07,Jul,2024,CS-001,Cup & Saucer,B,442,2,440,Export,41800
DEM-2024-07-0361,2024-07,Jul,2024,GTP-001,GTPT,B,282,4,278,Export,116760
DEM-2024-07-0362,2024-07,Jul,2024,HNG-001,Hinges,B,522,6,516,Dealer,23220
DEM-2024-07-0363,2024-07,Jul,2024,CRO-001,Crousal,B,221,2,219,Direct,122640
DEM-2024-07-0364,2024-07,Jul,2024,TNB-001,Tandum Basket,B,237,1,236,Direct,160480
DEM-2024-07-0365,2024-07,Jul,2024,RSH-001,Rolling Shutter,C,111,0,111,Export,199800
DEM-2024-07-0366,2024-07,Jul,2024,AAT-001,Aata Basket,C,253,1,252,Export,55440
DEM-2024-07-0367,2024-07,Jul,2024,CHM-001,Chimney,C,88,0,88,Dealer,308000
DEM-2024-07-0368,2024-07,Jul,2024,MGC-001,Magic Corner,C,67,0,67,Dealer,281400
DEM-2024-08-0369,2024-08,Aug,2024,SC-001,Sheet Cutlery,A,1547,18,1529,Dealer,688050
DEM-2024-08-0370,2024-08,Aug,2024,TBW-001,Thali Basket Wire,A,1522,7,1515,Export,484800
DEM-2024-08-0371,2024-08,Aug,2024,PBW-001,Plate Basket Wire,A,1380,8,1372,Direct,384160
DEM-2024-08-0372,2024-08,Aug,2024,BPO-001,Bottle Pull Out,A,1345,12,1333,Direct,239940
DEM-2024-08-0373,2024-08,Aug,2024,TBP-001,Thali Basket Pipe,A,1042,14,1028,Dealer,390640
DEM-2024-08-0374,2024-08,Aug,2024,PBP-001,Plate Basket Pipe,A,861,11,850,Dealer,289000
DEM-2024-08-0375,2024-08,Aug,2024,PNT-001,Pantry,B,480,6,474,Direct,1042800
DEM-2024-08-0376,2024-08,Aug,2024,CS-001,Cup & Saucer,B,398,6,392,Dealer,37240
DEM-2024-08-0377,2024-08,Aug,2024,GTP-001,GTPT,B,345,4,341,Dealer,143220
DEM-2024-08-0378,2024-08,Aug,2024,HNG-001,Hinges,B,656,7,649,Export,29205
DEM-2024-08-0379,2024-08,Aug,2024,CRO-001,Crousal,B,320,3,317,Dealer,177520
DEM-2024-08-0380,2024-08,Aug,2024,TNB-001,Tandum Basket,B,247,3,244,Direct,165920
DEM-2024-08-0381,2024-08,Aug,2024,RSH-001,Rolling Shutter,C,155,2,153,Dealer,275400
DEM-2024-08-0382,2024-08,Aug,2024,AAT-001,Aata Basket,C,315,2,313,Export,68860
DEM-2024-08-0383,2024-08,Aug,2024,CHM-001,Chimney,C,88,0,88,Direct,308000
DEM-2024-08-0384,2024-08,Aug,2024,MGC-001,Magic Corner,C,66,0,66,Export,277200
DEM-2024-09-0385,2024-09,Sep,2024,SC-001,Sheet Cutlery,A,1633,23,1610,Export,724500
DEM-2024-09-0386,2024-09,Sep,2024,TBW-001,Thali Basket Wire,A,1352,12,1340,Export,428800
DEM-2024-09-0387,2024-09,Sep,2024,PBW-001,Plate Basket Wire,A,1631,24,1607,Export,449960
DEM-2024-09-0388,2024-09,Sep,2024,BPO-001,Bottle Pull Out,A,1367,15,1352,Export,243360
DEM-2024-09-0389,2024-09,Sep,2024,TBP-001,Thali Basket Pipe,A,1361,21,1340,Dealer,509200
DEM-2024-09-0390,2024-09,Sep,2024,PBP-001,Plate Basket Pipe,A,801,5,796,Dealer,270640
DEM-2024-09-0391,2024-09,Sep,2024,PNT-001,Pantry,B,518,4,514,Dealer,1130800
DEM-2024-09-0392,2024-09,Sep,2024,CS-001,Cup & Saucer,B,583,6,577,Direct,54815
DEM-2024-09-0393,2024-09,Sep,2024,GTP-001,GTPT,B,326,4,322,Dealer,135240
DEM-2024-09-0394,2024-09,Sep,2024,HNG-001,Hinges,B,548,6,542,Direct,24390
DEM-2024-09-0395,2024-09,Sep,2024,CRO-001,Crousal,B,291,2,289,Dealer,161840
DEM-2024-09-0396,2024-09,Sep,2024,TNB-001,Tandum Basket,B,259,2,257,Export,174760
DEM-2024-09-0397,2024-09,Sep,2024,RSH-001,Rolling Shutter,C,155,2,153,Dealer,275400
DEM-2024-09-0398,2024-09,Sep,2024,AAT-001,Aata Basket,C,291,3,288,Dealer,63360
DEM-2024-09-0399,2024-09,Sep,2024,CHM-001,Chimney,C,88,1,87,Direct,304500
DEM-2024-09-0400,2024-09,Sep,2024,MGC-001,Magic Corner,C,83,0,83,Dealer,348600
DEM-2024-10-0401,2024-10,Oct,2024,SC-001,Sheet Cutlery,A,2215,10,2205,Direct,992250
DEM-2024-10-0402,2024-10,Oct,2024,TBW-001,Thali Basket Wire,A,1527,20,1507,Export,482240
DEM-2024-10-0403,2024-10,Oct,2024,PBW-001,Plate Basket Wire,A,1641,21,1620,Dealer,453600
DEM-2024-10-0404,2024-10,Oct,2024,BPO-001,Bottle Pull Out,A,1369,24,1345,Dealer,242100
DEM-2024-10-0405,2024-10,Oct,2024,TBP-001,Thali Basket Pipe,A,1148,8,1140,Dealer,433200
DEM-2024-10-0406,2024-10,Oct,2024,PBP-001,Plate Basket Pipe,A,1251,18,1233,Dealer,419220
DEM-2024-10-0407,2024-10,Oct,2024,PNT-001,Pantry,B,499,1,498,Direct,1095600
DEM-2024-10-0408,2024-10,Oct,2024,CS-001,Cup & Saucer,B,537,4,533,Dealer,50635
DEM-2024-10-0409,2024-10,Oct,2024,GTP-001,GTPT,B,456,7,449,Dealer,188580
DEM-2024-10-0410,2024-10,Oct,2024,HNG-001,Hinges,B,643,10,633,Dealer,28485
DEM-2024-10-0411,2024-10,Oct,2024,CRO-001,Crousal,B,347,3,344,Dealer,192640
DEM-2024-10-0412,2024-10,Oct,2024,TNB-001,Tandum Basket,B,372,4,368,Export,250240
DEM-2024-10-0413,2024-10,Oct,2024,RSH-001,Rolling Shutter,C,171,2,169,Dealer,304200
DEM-2024-10-0414,2024-10,Oct,2024,AAT-001,Aata Basket,C,338,1,337,Dealer,74140
DEM-2024-10-0415,2024-10,Oct,2024,CHM-001,Chimney,C,100,1,99,Direct,346500
DEM-2024-10-0416,2024-10,Oct,2024,MGC-001,Magic Corner,C,106,1,105,Dealer,441000
DEM-2024-11-0417,2024-11,Nov,2024,SC-001,Sheet Cutlery,A,2056,9,2047,Direct,921150
DEM-2024-11-0418,2024-11,Nov,2024,TBW-001,Thali Basket Wire,A,1900,20,1880,Direct,601600
DEM-2024-11-0419,2024-11,Nov,2024,PBW-001,Plate Basket Wire,A,1937,27,1910,Dealer,534800
DEM-2024-11-0420,2024-11,Nov,2024,BPO-001,Bottle Pull Out,A,1483,8,1475,Export,265500
DEM-2024-11-0421,2024-11,Nov,2024,TBP-001,Thali Basket Pipe,A,1516,16,1500,Dealer,570000
DEM-2024-11-0422,2024-11,Nov,2024,PBP-001,Plate Basket Pipe,A,1356,11,1345,Dealer,457300
DEM-2024-11-0423,2024-11,Nov,2024,PNT-001,Pantry,B,499,2,497,Dealer,1093400
DEM-2024-11-0424,2024-11,Nov,2024,CS-001,Cup & Saucer,B,557,2,555,Dealer,52725
DEM-2024-11-0425,2024-11,Nov,2024,GTP-001,GTPT,B,418,6,412,Direct,173040
DEM-2024-11-0426,2024-11,Nov,2024,HNG-001,Hinges,B,778,8,770,Export,34650
DEM-2024-11-0427,2024-11,Nov,2024,CRO-001,Crousal,B,361,6,355,Export,198800
DEM-2024-11-0428,2024-11,Nov,2024,TNB-001,Tandum Basket,B,359,6,353,Dealer,240040
DEM-2024-11-0429,2024-11,Nov,2024,RSH-001,Rolling Shutter,C,208,2,206,Dealer,370800
DEM-2024-11-0430,2024-11,Nov,2024,AAT-001,Aata Basket,C,398,3,395,Dealer,86900
DEM-2024-11-0431,2024-11,Nov,2024,CHM-001,Chimney,C,130,1,129,Dealer,451500
DEM-2024-11-0432,2024-11,Nov,2024,MGC-001,Magic Corner,C,98,0,98,Direct,411600
DEM-2024-12-0433,2024-12,Dec,2024,SC-001,Sheet Cutlery,A,1557,13,1544,Dealer,694800
DEM-2024-12-0434,2024-12,Dec,2024,TBW-001,Thali Basket Wire,A,1385,22,1363,Dealer,436160
DEM-2024-12-0435,2024-12,Dec,2024,PBW-001,Plate Basket Wire,A,1580,16,1564,Direct,437920
DEM-2024-12-0436,2024-12,Dec,2024,BPO-001,Bottle Pull Out,A,1441,24,1417,Dealer,255060
DEM-2024-12-0437,2024-12,Dec,2024,TBP-001,Thali Basket Pipe,A,1260,19,1241,Dealer,471580
DEM-2024-12-0438,2024-12,Dec,2024,PBP-001,Plate Basket Pipe,A,983,9,974,Dealer,331160
DEM-2024-12-0439,2024-12,Dec,2024,PNT-001,Pantry,B,571,5,566,Dealer,1245200
DEM-2024-12-0440,2024-12,Dec,2024,CS-001,Cup & Saucer,B,657,2,655,Dealer,62225
DEM-2024-12-0441,2024-12,Dec,2024,GTP-001,GTPT,B,350,4,346,Direct,145320
DEM-2024-12-0442,2024-12,Dec,2024,HNG-001,Hinges,B,706,8,698,Dealer,31410
DEM-2024-12-0443,2024-12,Dec,2024,CRO-001,Crousal,B,311,2,309,Direct,173040
DEM-2024-12-0444,2024-12,Dec,2024,TNB-001,Tandum Basket,B,333,4,329,Dealer,223720
DEM-2024-12-0445,2024-12,Dec,2024,RSH-001,Rolling Shutter,C,180,2,178,Dealer,320400
DEM-2024-12-0446,2024-12,Dec,2024,AAT-001,Aata Basket,C,339,3,336,Direct,73920
DEM-2024-12-0447,2024-12,Dec,2024,CHM-001,Chimney,C,96,1,95,Export,332500
DEM-2024-12-0448,2024-12,Dec,2024,MGC-001,Magic Corner,C,99,0,99,Export,415800
DEM-2025-01-0449,2025-01,Jan,2025,SC-001,Sheet Cutlery,A,1505,25,1480,Dealer,666000
DEM-2025-01-0450,2025-01,Jan,2025,TBW-001,Thali Basket Wire,A,1453,19,1434,Direct,458880
DEM-2025-01-0451,2025-01,Jan,2025,PBW-001,Plate Basket Wire,A,1001,13,988,Dealer,276640
DEM-2025-01-0452,2025-01,Jan,2025,BPO-001,Bottle Pull Out,A,993,8,985,Dealer,177300
DEM-2025-01-0453,2025-01,Jan,2025,TBP-001,Thali Basket Pipe,A,1088,14,1074,Export,408120
DEM-2025-01-0454,2025-01,Jan,2025,PBP-001,Plate Basket Pipe,A,682,8,674,Export,229160
DEM-2025-01-0455,2025-01,Jan,2025,PNT-001,Pantry,B,354,2,352,Dealer,774400
DEM-2025-01-0456,2025-01,Jan,2025,CS-001,Cup & Saucer,B,495,4,491,Direct,46645
DEM-2025-01-0457,2025-01,Jan,2025,GTP-001,GTPT,B,284,5,279,Dealer,117180
DEM-2025-01-0458,2025-01,Jan,2025,HNG-001,Hinges,B,452,7,445,Dealer,20025
DEM-2025-01-0459,2025-01,Jan,2025,CRO-001,Crousal,B,249,2,247,Export,138320
DEM-2025-01-0460,2025-01,Jan,2025,TNB-001,Tandum Basket,B,192,1,191,Export,129880
DEM-2025-01-0461,2025-01,Jan,2025,RSH-001,Rolling Shutter,C,107,0,107,Dealer,192600
DEM-2025-01-0462,2025-01,Jan,2025,AAT-001,Aata Basket,C,243,3,240,Export,52800
DEM-2025-01-0463,2025-01,Jan,2025,CHM-001,Chimney,C,88,0,88,Direct,308000
DEM-2025-01-0464,2025-01,Jan,2025,MGC-001,Magic Corner,C,55,0,55,Dealer,231000
DEM-2025-02-0465,2025-02,Feb,2025,SC-001,Sheet Cutlery,A,1728,21,1707,Direct,768150
DEM-2025-02-0466,2025-02,Feb,2025,TBW-001,Thali Basket Wire,A,1169,7,1162,Direct,371840
DEM-2025-02-0467,2025-02,Feb,2025,PBW-001,Plate Basket Wire,A,1375,8,1367,Export,382760
DEM-2025-02-0468,2025-02,Feb,2025,BPO-001,Bottle Pull Out,A,1302,12,1290,Dealer,232200
DEM-2025-02-0469,2025-02,Feb,2025,TBP-001,Thali Basket Pipe,A,1118,11,1107,Direct,420660
DEM-2025-02-0470,2025-02,Feb,2025,PBP-001,Plate Basket Pipe,A,971,14,957,Export,325380
DEM-2025-02-0471,2025-02,Feb,2025,PNT-001,Pantry,B,337,2,335,Direct,737000
DEM-2025-02-0472,2025-02,Feb,2025,CS-001,Cup & Saucer,B,503,5,498,Dealer,47310
DEM-2025-02-0473,2025-02,Feb,2025,GTP-001,GTPT,B,357,3,354,Dealer,148680
DEM-2025-02-0474,2025-02,Feb,2025,HNG-001,Hinges,B,511,7,504,Dealer,22680
DEM-2025-02-0475,2025-02,Feb,2025,CRO-001,Crousal,B,253,2,251,Direct,140560
DEM-2025-02-0476,2025-02,Feb,2025,TNB-001,Tandum Basket,B,204,3,201,Direct,136680
DEM-2025-02-0477,2025-02,Feb,2025,RSH-001,Rolling Shutter,C,147,2,145,Direct,261000
DEM-2025-02-0478,2025-02,Feb,2025,AAT-001,Aata Basket,C,240,2,238,Dealer,52360
DEM-2025-02-0479,2025-02,Feb,2025,CHM-001,Chimney,C,79,0,79,Dealer,276500
DEM-2025-02-0480,2025-02,Feb,2025,MGC-001,Magic Corner,C,57,0,57,Dealer,239400
DEM-2025-03-0481,2025-03,Mar,2025,SC-001,Sheet Cutlery,A,1830,9,1821,Dealer,819450
DEM-2025-03-0482,2025-03,Mar,2025,TBW-001,Thali Basket Wire,A,1667,16,1651,Dealer,528320
DEM-2025-03-0483,2025-03,Mar,2025,PBW-001,Plate Basket Wire,A,1471,14,1457,Export,407960
DEM-2025-03-0484,2025-03,Mar,2025,BPO-001,Bottle Pull Out,A,1021,4,1017,Dealer,183060
DEM-2025-03-0485,2025-03,Mar,2025,TBP-001,Thali Basket Pipe,A,1022,5,1017,Export,386460
DEM-2025-03-0486,2025-03,Mar,2025,PBP-001,Plate Basket Pipe,A,941,4,937,Dealer,318580
DEM-2025-03-0487,2025-03,Mar,2025,PNT-001,Pantry,B,393,1,392,Dealer,862400
DEM-2025-03-0488,2025-03,Mar,2025,CS-001,Cup & Saucer,B,482,7,475,Direct,45125
DEM-2025-03-0489,2025-03,Mar,2025,GTP-001,GTPT,B,314,4,310,Direct,130200
DEM-2025-03-0490,2025-03,Mar,2025,HNG-001,Hinges,B,642,2,640,Export,28800
DEM-2025-03-0491,2025-03,Mar,2025,CRO-001,Crousal,B,297,4,293,Dealer,164080
DEM-2025-03-0492,2025-03,Mar,2025,TNB-001,Tandum Basket,B,262,3,259,Dealer,176120
DEM-2025-03-0493,2025-03,Mar,2025,RSH-001,Rolling Shutter,C,148,0,148,Dealer,266400
DEM-2025-03-0494,2025-03,Mar,2025,AAT-001,Aata Basket,C,323,2,321,Export,70620
DEM-2025-03-0495,2025-03,Mar,2025,CHM-001,Chimney,C,94,1,93,Export,325500
DEM-2025-03-0496,2025-03,Mar,2025,MGC-001,Magic Corner,C,79,0,79,Direct,331800
DEM-2025-04-0497,2025-04,Apr,2025,SC-001,Sheet Cutlery,A,1607,14,1593,Dealer,716850
DEM-2025-04-0498,2025-04,Apr,2025,TBW-001,Thali Basket Wire,A,1533,4,1529,Dealer,489280
DEM-2025-04-0499,2025-04,Apr,2025,PBW-001,Plate Basket Wire,A,1475,20,1455,Dealer,407400
DEM-2025-04-0500,2025-04,Apr,2025,BPO-001,Bottle Pull Out,A,1583,22,1561,Dealer,280980
DEM-2025-04-0501,2025-04,Apr,2025,TBP-001,Thali Basket Pipe,A,1147,9,1138,Dealer,432440
DEM-2025-04-0502,2025-04,Apr,2025,PBP-001,Plate Basket Pipe,A,1204,6,1198,Direct,407320
DEM-2025-04-0503,2025-04,Apr,2025,PNT-001,Pantry,B,592,6,586,Dealer,1289200
DEM-2025-04-0504,2025-04,Apr,2025,CS-001,Cup & Saucer,B,641,2,639,Direct,60705
DEM-2025-04-0505,2025-04,Apr,2025,GTP-001,GTPT,B,360,2,358,Dealer,150360
DEM-2025-04-0506,2025-04,Apr,2025,HNG-001,Hinges,B,821,6,815,Dealer,36675
DEM-2025-04-0507,2025-04,Apr,2025,CRO-001,Crousal,B,338,6,332,Export,185920
DEM-2025-04-0508,2025-04,Apr,2025,TNB-001,Tandum Basket,B,309,1,308,Dealer,209440
DEM-2025-04-0509,2025-04,Apr,2025,RSH-001,Rolling Shutter,C,155,2,153,Dealer,275400
DEM-2025-04-0510,2025-04,Apr,2025,AAT-001,Aata Basket,C,421,3,418,Dealer,91960
DEM-2025-04-0511,2025-04,Apr,2025,CHM-001,Chimney,C,119,1,118,Direct,413000
DEM-2025-04-0512,2025-04,Apr,2025,MGC-001,Magic Corner,C,98,1,97,Direct,407400
